{
  "type": "panel",
  "name": "Video",
  "id": "achyutrk-videopanel",
  "info": {
    "description": "Display video from a URL, YouTube ID, or an iFrame.",
    "author": {
      "name": "Innius",
      "url": "https://innius.com"
    },
    "keywords": [
      "video"
    ],
    "logos": {
      "small": "img/logo.svg",
      "large": "img/logo.svg"
    },
    "links": [
      {
        "name": "Project site",
        "url": "https://github.com/innius/grafana-video-panel"
      },
      {
        "name": "License",
        "url": "https://github.com/innius/grafana-video-panel/blob/master/LICENSE"
      }
    ],
    "screenshots": [
      {
        "name": "Examples",
        "path": "img/examples.png"
      }
    ],
    "version": "1.0.5",
    "updated": "2022-02-01"
  },
  "dependencies": {
    "grafanaDependency": ">=7.1.5",
    "plugins": []
  },
  "skipDataQuery": true
}


